{
  "project_info": {
    "project_number": "697978368564",
    "firebase_url": "https://jabot-5ce1f.firebaseio.com",
    "project_id": "jabot-5ce1f",
    "storage_bucket": "jabot-5ce1f.appspot.com"
  },
  "client": [
    {
      "client_info": {
        "mobilesdk_app_id": "1:697978368564:android:5db9e4e4963fc1a3661061",
        "android_client_info": {
          "package_name": "com.redc4ke.taniechlanie"
        }
      },
      "oauth_client": [
        {
          "client_id": "697978368564-lb70ecb10obt1gbpcab440tuc1mi0eln.apps.googleusercontent.com",
          "client_type": 3
        }
      ],
      "api_key": [
        {
          "current_key": "AIzaSyBarFnQ_sVt9mq65bIeoT6RdEPbYNhc8Wg"
        }
      ],
      "services": {
        "appinvite_service": {
          "other_platform_oauth_client": [
            {
              "client_id": "697978368564-lb70ecb10obt1gbpcab440tuc1mi0eln.apps.googleusercontent.com",
              "client_type": 3
            }
          ]
        }
      }
    }
  ],
  "configuration_version": "1"
}